libelle_departement,HT22,HT022,HT122,HT222,HT322,HT422,HT522,HTCH22,HTCH022,HTCH122,HTCH222,HTCH322,HTCH422,HTCH522,CPG22,CPG022,CPG122,CPG222,CPG322,CPG422,CPG522,CPGE22,CPGE022,CPGE122,CPGE222,CPGE322,CPGE422,CPGE522,CPGEL22,CPGEL022,CPGEL122,CPGEL222,CPGEL322,CPGEL422,CPGEL522,CPGEO22,CPGEO022,CPGEO122,CPGEO222,CPGEO322,CPGEO422,CPGEO522,VV22,VVUH22,VVLIT22,RT22,RTUH22,RTLIT22,AJCS22,AJCSUH22,AJCSLIT22,PMUN19,PMUN18,PMUN17,PMUN16,PMUN15,PMUN14,PMUN13,PMUN12,PMUN11,PMUN10,PMUN09,PMUN08,PMUN07,PMUN06,PSDC99,PSDC90,PSDC82,PSDC75,PSDC68,PSDC62,PTOT54,PTOT36,PTOT1931,PTOT1926,PTOT1921,PTOT1911,PTOT1906,PTOT1901,PTOT1896,PTOT1891,PTOT1886,PTOT1881,PTOT1876
Ain,140,47,1,32,50,8,2,4183,1006,18,1001,1485,581,92,62,16,2,8,29,7,0,6130,601,87,639,3434,1369,0,1161,149,40,269,609,94,0,4969,452,47,370,2825,1275,0,2,113,572,13,1091,3091,1,20,110,652432,647634,643350,638425,631877,626127,619497,612191,603827,597341,588853,581355,574377,566740,515270,471019,418516,376477,339262,314457,300998.0,306718.0,313656.0,310275.0,309610.0,335271.0,338686.0,343179.0,345516.0,350841.0,357207.0,356980.0,358298.0
Aisne,61,24,2,10,20,4,1,1850,502,109,310,709,191,29,28,10,0,9,7,1,1,2229,314,0,605,550,100,660,312,66,0,150,72,8,16,1917,248,0,455,478,92,644,0,0,0,3,839,4461,1,10,60,531264,533236,534412,536064,538593,539674,539960,540781,541194,540395,539750,538665,537689,536931,535377,537155,533878,533743,525869,512454,486607.0,484123.0,488902.0,488541.0,420971.0,529675.0,533917.0,534977.0,540957.0,544811.0,555326.0,556173.0,559124.0
Allier,101,33,1,20,37,8,2,3074,610,10,721,1290,295,148,74,45,8,3,14,4,0,3188,1381,304,180,1064,259,0,73,21,1,16,35,0,0,3115,1360,303,164,1029,259,0,4,64,236,3,163,421,5,204,464,335975,337171,337988,339384,341613,343062,343431,342911,342729,342908,343046,342807,343114,343309,344721,357710,369580,378406,386533,380221,372689.0,368778.0,373924.0,370562.0,370950.0,406291.0,417961.0,422024.0,424378.0,424382.0,424582.0,416759.0,405783.0
Alpes-Maritimes,596,121,11,97,208,132,27,26203,2275,334,2643,8555,9924,2472,65,13,2,10,27,13,0,5599,653,56,521,2644,1725,0,1108,287,26,77,240,478,0,4491,366,30,444,2404,1247,0,18,1480,5481,97,5799,21216,3,101,513,1094283,1086219,1083310,1083704,1082440,1083312,1080771,1082014,1081244,1078729,1079100,1084428,1082465,1073184,1011326,971829,881198,816681,722070,618265,515484.0,518083.0,497175.0,440105.0,363663.0,362784.0,339406.0,297562.0,268963.0,261837.0,241810.0,230854.0,208324.0
Alpes-de-Haute-Provence,147,41,2,49,43,10,2,3215,588,20,1035,1154,354,64,127,36,7,24,41,16,3,11984,1101,337,2200,4299,3207,840,901,25,1,404,340,124,7,11083,1076,336,1796,3959,3083,833,14,881,3177,27,1549,5859,4,88,268,164308,164068,163915,162565,161799,161588,161916,161241,160959,160149,159450,157965,156067,154501,139561,130883,119068,112178,104813,91843,84335.0,85090.0,87893.0,88347.0,91882.0,107231.0,113126.0,115021.0,118142.0,124285.0,129494.0,131899.0,136166.0
Ardennes,53,29,0,8,12,4,0,1170,572,0,194,291,113,0,34,20,0,4,7,2,1,2405,833,0,221,1112,144,95,353,108,0,99,92,11,43,2052,725,0,122,1020,133,52,0,0,0,1,14,14,0,0,0,270582,271845,273579,275371,277752,279715,280907,282778,283110,283250,283296,284197,284749,285653,290130,296357,302338,309306,309380,300247,280490.0,288632.0,293746.0,297448.0,277811.0,318896.0,317505.0,315589.0,318865.0,324923.0,332759.0,333675.0,326782.0
Ardèche,150,61,4,34,43,8,0,2937,883,58,800,1023,173,0,283,69,5,46,108,42,13,24143,2663,245,2663,8437,6135,4000,1985,337,30,209,780,382,247,22158,2326,215,2454,7657,5753,3753,10,945,4295,8,645,3083,1,17,31,328278,326606,325712,325157,324209,322381,320379,318407,317277,315090,313578,311452,309456,306238,286023,277581,267970,257065,256927,248516,249077.0,272698.0,282911.0,289263.0,294308.0,331801.0,347140.0,353564.0,363501.0,371269.0,375472.0,376907.0,384378.0
Ariège,53,17,1,21,12,2,0,950,251,12,413,258,16,0,70,19,2,14,29,6,0,4846,632,90,970,2332,822,0,898,95,0,312,428,63,0,3948,537,90,658,1904,759,0,7,435,1812,13,746,3194,8,188,658,153287,153066,153153,153067,152499,152574,152684,152366,152286,152038,151117,150201,148568,146289,137205,136455,135725,137857,138478,137192,140010.0,155134.0,161265.0,167498.0,172851.0,198725.0,205684.0,210527.0,219641.0,227491.0,237619.0,240601.0,244795.0
Aube,67,14,1,19,25,7,1,2291,335,42,711,816,376,11,21,9,1,6,3,2,0,1766,546,204,436,117,463,0,365,160,46,40,0,119,0,1401,386,158,396,117,344,0,3,124,424,0,0,0,4,135,402,310242,310020,310020,308910,309056,308094,306581,305606,303997,303327,303298,301327,300840,299704,292131,289207,289300,284823,270325,255099,240797.0,239563.0,242596.0,238253.0,227839.0,240755.0,243670.0,246163.0,251435.0,255548.0,257374.0,255326.0,255217.0
Aude,128,37,2,26,47,13,3,3733,599,82,996,1359,531,166,81,16,2,17,33,12,1,10255,540,39,2450,3250,3759,217,1577,57,0,961,308,251,0,8678,483,39,1489,2942,3508,217,12,819,3551,22,2047,8449,4,94,349,374070,372806,370260,368025,366957,365478,364877,362339,359967,356467,353980,349237,345779,341022,309770,298712,280686,272366,278323,269782,268254.0,285115.0,296880.0,291951.0,287052.0,300537.0,308327.0,313531.0,310513.0,317372.0,332080.0,327988.0,300065.0
Aveyron,156,52,3,45,47,9,0,3283,723,123,841,1383,213,0,148,59,5,20,42,20,2,9655,1903,177,1027,2952,3078,518,620,171,1,93,302,53,0,9035,1732,176,934,2650,3025,518,20,1008,3849,7,357,1718,0,0,0,279595,279274,279206,278697,279169,278644,277740,276229,275813,276805,277048,275889,274425,273377,263808,270141,278654,278306,281568,290489,292727.0,314682.0,323782.0,328886.0,332940.0,369448.0,377299.0,382074.0,389464.0,400467.0,415826.0,415075.0,413826.0
Bas-Rhin,305,69,4,57,113,56,6,12824,1664,114,2137,4920,3508,481,46,14,1,18,11,2,0,4792,716,98,1697,1924,357,0,1611,312,73,602,617,7,0,3181,404,25,1095,1307,350,0,5,370,1163,20,1654,3886,16,650,1929,1140057,1133552,1125559,1121407,1116658,1112815,1109460,1104667,1099269,1095905,1094439,1091015,1084840,1079016,1026120,953053,915676,882121,827367,770150,707934.0,711830.0,688242.0,670985.0,651686.0,700679.0,686695.0,659432.0,638609.0,621505.0,612077.0,612012.0,598180.0
Bouches-du-Rhône,469,106,8,104,168,59,24,19498,2557,308,4129,7266,4151,1087,62,4,1,11,32,13,1,9295,324,110,1089,4206,3345,221,1203,0,4,322,248,629,0,8092,324,106,767,3958,2716,221,11,792,2849,75,5974,18752,7,225,687,2043110,2034357,2024162,2019717,2016622,2006069,1993177,1984784,1975896,1972018,1967299,1966005,1958926,1937405,1835719,1759371,1724199,1632974,1470271,1248355,1048762.0,1224802.0,1101672.0,929550.0,841996.0,805539.0,765918.0,734347.0,673819.0,630622.0,604857.0,589027.0,556378.0
Calvados,278,67,6,69,97,28,11,10200,1227,246,2034,4013,1831,849,107,28,5,22,21,23,8,14410,1024,451,2282,3158,4885,2610,5413,171,401,1155,1286,1435,965,8997,853,50,1127,1872,3450,1645,7,401,1575,32,2567,10834,2,145,386,694905,694056,694002,693679,693042,691127,689399,687304,684709,682567,680381,677681,673144,670827,647873,617991,589025,560354,518950,479979,442107.0,403937.0,400370.0,389510.0,383796.0,395364.0,402434.0,409125.0,416090.0,427796.0,436115.0,438583.0,448985.0
Cantal,111,37,1,33,37,3,0,2009,414,27,703,820,45,0,85,43,3,14,21,4,0,4784,1582,115,991,1711,385,0,287,140,0,61,85,1,0,4497,1442,115,930,1626,384,0,14,632,2781,2,24,117,0,0,0,144692,144765,145143,145969,146219,146618,147035,147415,147577,148162,148380,148737,149057,149682,150778,158723,162838,166549,169330,172977,177065.0,190888.0,193505.0,196999.0,199402.0,223361.0,228690.0,230511.0,234382.0,239601.0,241742.0,236190.0,231086.0
Charente,60,16,2,18,17,5,2,1861,327,77,520,645,170,122,29,12,0,4,9,4,0,1802,347,0,223,748,484,0,64,11,0,0,37,16,0,1738,336,0,223,711,468,0,3,139,732,2,115,256,0,0,0,351848,351605,352155,353102,353427,353667,353298,353474,352522,351390,351375,351384,349328,346823,339411,341778,340536,336778,330684,327332,313318.0,308994.0,310180.0,312493.0,315973.0,346730.0,351382.0,349972.0,355900.0,359919.0,366057.0,370446.0,373529.0
Charente-Maritime,264,49,12,82,95,22,4,7337,703,354,2089,2985,1049,157,294,36,13,65,95,68,17,47649,1695,1477,7152,14413,16830,6082,12570,421,624,1735,3875,4701,1214,35079,1274,853,5417,10538,12129,4868,36,3088,12535,36,2045,8435,5,200,733,651358,646932,644303,642191,639938,637089,633417,628733,625682,622323,616607,611714,605410,598915,557024,527146,513220,497859,483622,470897,447973.0,419021.0,415249.0,417789.0,418310.0,450871.0,453793.0,452149.0,453455.0,456202.0,462803.0,466416.0,465628.0
Cher,68,22,1,18,22,5,0,2155,375,19,602,904,255,0,33,17,1,7,8,0,0,1563,566,38,252,707,0,0,2,2,0,0,0,0,0,1561,564,38,252,707,0,0,1,68,145,2,50,70,2,43,112,302306,303408,304256,307110,308992,310270,311650,311897,311694,311257,311022,313251,314599,314675,314428,321559,320174,316350,304601,293514,284376.0,288695.0,293918.0,298398.0,304800.0,337810.0,343484.0,345543.0,347725.0,359276.0,355349.0,351405.0,345613.0
Corrèze,97,30,4,27,31,5,0,2077,472,98,570,769,168,0,99,47,2,15,26,9,0,6196,1606,46,792,2144,1608,0,484,122,28,52,60,222,0,5712,1484,18,740,2084,1386,0,11,607,2638,6,283,1550,4,123,370,239996,240504,241383,241452,241787,241254,240696,241162,242370,243468,243273,242819,241963,240290,232501,237837,241383,240284,237773,237801,242649.0,262566.0,263914.0,269076.0,273584.0,309348.0,317120.0,318029.0,321997.0,327715.0,326098.0,316702.0,311113.0
Corse-du-Sud,208,33,3,35,92,31,14,6724,630,27,798,3668,1180,421,98,17,5,15,45,16,0,12359,881,535,1154,6029,3760,0,311,0,0,0,120,191,0,12048,881,535,1154,5909,3569,0,8,881,3149,166,4733,19737,5,127,402,158507,157853,157249,154303,152730,151652,149234,145429,145846,143600,141330,140953,139362,135718,118593,118808,108604,100278,89566,79756,75212.0,99577.0,51212.0,52576.0,52824.0,60512.0,62620.0,63116.0,64480.0,66092.0,67952.0,68944.0,70184.0
Creuse,32,16,1,3,10,2,0,582,172,58,53,224,75,0,37,24,2,4,4,3,0,1913,913,174,159,327,340,0,127,66,0,0,52,9,0,1786,847,174,159,275,331,0,0,0,0,0,0,0,2,26,146,116617,117503,118638,119502,120365,120581,120872,121517,122560,123029,123584,123907,123861,123401,124470,131349,139968,146214,156876,163515,172702.0,201844.0,207882.0,219139.0,228244.0,266226.0,274109.0,277785.0,279366.0,284633.0,284942.0,278782.0,278423.0
Côte-d'Or,213,38,7,44,83,34,7,7224,630,281,1323,3252,1428,310,49,23,0,8,15,3,0,3153,822,0,519,1290,522,0,260,182,0,0,75,3,0,2893,640,0,519,1215,519,0,1,66,330,10,537,1595,1,101,216,534124,533220,533819,533213,533147,531380,529761,527403,525931,524358,524144,521608,519143,517168,506755,493866,473548,456070,421192,387869,356839.0,334386.0,333800.0,328881.0,321088.0,350044.0,357959.0,361626.0,368168.0,376866.0,381574.0,382819.0,377663.0
Côtes-d'Armor,168,44,6,46,60,11,1,4097,680,148,898,1810,516,45,158,52,5,36,48,14,3,15033,1766,234,3918,5955,2203,957,2307,199,53,333,1187,455,80,12726,1567,181,3585,4768,1748,877,9,517,1621,13,653,2697,4,204,526,600582,599584,598814,598953,598357,597397,597085,595531,594375,591641,587519,581570,576049,570861,542373,538395,538869,525556,506102,501923,503178.0,531840.0,539531.0,552788.0,557824.0,605523.0,611506.0,609349.0,616197.0,618734.0,628256.0,627585.0,631509.0
Deux-Sèvres,66,25,1,14,24,2,0,1755,396,63,367,781,148,0,40,18,4,9,5,4,0,1818,723,119,352,302,322,0,23,13,0,1,8,1,0,1795,710,119,351,294,321,0,2,32,188,4,290,742,0,0,0,374878,374799,374351,374743,374435,373553,371632,371583,370939,369270,366339,365059,362944,359711,344392,345965,342812,335829,325608,320321,312037.0,308126.0,307778.0,309100.0,309356.0,336903.0,338728.0,341696.0,345932.0,353489.0,352988.0,349345.0,335884.0
Dordogne,192,50,5,42,73,22,0,4107,595,131,865,1905,611,0,230,34,8,28,101,49,10,21515,1251,275,1499,9009,6174,3307,764,33,7,43,398,275,8,20751,1218,268,1456,8611,5899,3299,15,407,1874,14,939,5115,3,73,283,412664,412856,413044,414222,414845,415775,416338,415817,414616,413612,411558,408863,406273,403531,387767,385899,376886,372760,373684,375037,377458.0,386506.0,383299.0,392019.0,396277.0,436915.0,446505.0,452318.0,464149.0,477702.0,491418.0,494240.0,489091.0
Doubs,118,22,5,24,60,7,0,3667,409,226,632,2173,227,0,35,18,0,2,12,2,1,2751,840,0,106,1111,422,272,250,113,0,0,136,1,0,2501,727,0,106,975,421,272,9,398,1195,2,210,484,6,152,537,543756,541236,538848,538329,536740,534495,533113,530863,528912,527578,525089,522502,519955,515983,498883,484607,477009,470952,426307,384838,327152.0,304737.0,305429.0,296499.0,284909.0,299835.0,298309.0,298755.0,301901.0,302915.0,310821.0,310669.0,305900.0
Drôme,159,50,3,36,52,17,1,4034,713,108,1038,1540,619,16,148,60,4,21,39,21,3,10732,2187,213,1624,3129,2929,650,708,198,10,24,233,225,18,10024,1989,203,1600,2896,2704,632,13,537,1979,9,630,1883,0,0,0,516289,514263,511088,507541,504171,498695,494270,490908,487592,484339,482632,477721,473083,468268,437471,413800,389547,361603,342645,303937,275013.0,266974.0,266745.0,263404.0,263140.0,290499.0,296888.0,296957.0,303089.0,306016.0,314231.0,313346.0,321352.0
Essonne,90,33,0,13,31,13,0,6514,1739,0,829,2300,1646,0,16,6,2,2,6,0,0,1901,315,332,140,1114,0,0,975,192,209,91,483,0,0,926,123,123,49,631,0,0,1,50,140,20,1763,4011,0,0,0,1301659,1296641,1296130,1287330,1276233,1268228,1253931,1237507,1225191,1215340,1208004,1205850,1201994,1198273,1134238,1084824,988000,923063,673325,478691,351081.0,286987.0,271102.0,228021.0,187193.0,177216.0,169659.0,164625.0,159506.0,151734.0,147693.0,140035.0,135919.0
Eure,74,18,0,17,30,9,0,2302,445,0,478,1134,245,0,31,7,2,6,8,7,1,3708,495,102,314,1135,1378,284,2120,119,102,68,466,1104,261,1588,376,0,246,669,274,23,0,0,0,7,1198,5251,0,0,0,599507,599962,601843,602825,601948,598347,595043,591616,588111,586543,582822,577087,572105,567221,541054,513818,462254,422952,383385,361943,332514.0,303829.0,305788.0,308445.0,303159.0,323651.0,330140.0,334781.0,340652.0,349471.0,358829.0,364291.0,373629.0
Eure-et-Loir,65,15,1,13,30,6,0,2418,435,6,571,1010,396,0,18,6,0,3,8,1,0,1476,323,0,322,635,196,0,603,140,0,186,187,90,0,873,183,0,136,448,106,0,0,0,0,2,141,335,1,22,60,431575,431997,433233,433929,434035,433762,432967,432107,430416,428933,425502,423559,422411,421114,407665,396073,362813,335151,302064,277394,260870.0,252527.0,254603.0,254997.0,251065.0,272037.0,273584.0,275194.0,280226.0,284452.0,283491.0,279877.0,282830.0
Finistère,230,47,9,61,82,31,0,6357,801,217,1552,2668,1119,0,255,55,11,67,79,32,11,30203,2688,604,5850,9721,7753,3587,4464,236,111,611,1613,1619,274,25739,2452,493,5239,8108,6134,3313,18,1277,4317,36,2328,9957,9,335,1254,915090,911735,909028,908249,907796,905855,903921,901293,899870,897628,893914,890509,885906,883001,852418,838687,828364,804088,768929,749558,727847.0,756793.0,744295.0,753702.0,762514.0,809771.0,795103.0,773015.0,739648.0,727013.0,707821.0,681234.0,666065.0
Gard,173,45,2,37,60,23,6,4732,775,86,946,2033,721,171,143,31,5,29,40,30,8,20103,1503,364,2266,6705,6716,2549,3273,474,197,546,1110,653,293,16830,1029,167,1720,5595,6063,2256,13,507,2207,24,1475,6170,6,248,982,748437,745458,744178,742006,738189,736029,733201,725618,718357,709700,701883,694323,689847,683169,623125,585049,530478,494575,478544,435107,396742.0,395299.0,406815.0,402601.0,396169.0,413457.0,421166.0,420835.0,416035.0,419388.0,417099.0,415629.0,423804.0
Gers,50,10,0,13,24,2,1,965,111,0,271,518,40,25,48,19,2,2,15,9,1,3741,534,125,72,1269,1240,501,233,21,0,0,89,123,0,3508,513,125,72,1180,1117,501,4,201,768,13,547,2025,1,30,60,191377,191283,191091,190664,190932,190625,190276,189530,188893,188159,187181,185266,183615,181375,172335,174587,174154,175366,181577,182264,185111.0,192451.0,193134.0,196419.0,194406.0,221994.0,231088.0,238448.0,250472.0,261084.0,274391.0,281532.0,283546.0
Gironde,331,93,9,69,100,46,14,14233,2335,259,2837,4839,3485,478,160,33,5,27,49,40,6,34683,1344,727,4054,9396,15553,3609,9053,528,157,801,2225,5111,231,25630,816,570,3253,7171,10442,3378,19,1809,7757,74,6217,20200,6,342,1025,1623749,1601845,1583384,1566679,1548478,1526016,1505517,1483712,1463662,1449245,1434661,1421276,1409345,1393758,1287334,1213499,1127546,1061480,1009390,935448,896517.0,850567.0,852776.0,827973.0,819128.0,829095.0,823925.0,821131.0,809902.0,793528.0,775845.0,748703.0,735242.0
Guadeloupe,55,17,0,8,20,9,1,3258,341,0,258,1673,934,52,0,0,0,0,0,0,0,0,0,0,0,0,0,0,0,0,0,0,0,0,0,0,0,0,0,0,0,0,0,0,0,0,0,0,0,0,0,384239,387629,390253,394110,397990,400186,402119,403314,404635,403355,401554,401784,400584,400736,386566,353431,317269,315848,305312,276545,223675.0,12832.0,13216.0,13568.0,13632.0,15616.0,16160.0,16288.0,16640.0,17056.0,17536.0,17792.0,18112.0
Guyane,32,14,0,4,10,4,0,1534,326,0,338,455,415,0,0,0,0,0,0,0,0,0,0,0,0,0,0,0,0,0,0,0,0,0,0,0,0,0,0,0,0,0,0,0,0,0,0,0,0,0,0,281678,276128,268700,269352,259865,252338,244118,239648,237549,229040,224469,219266,213031,205954,157213,114678,73022,55125,44392,33505,8316.0,8822.0,9086.0,9328.0,9372.0,10736.0,11110.0,11198.0,11440.0,11726.0,12056.0,12232.0,12452.0
Haut-Rhin,251,46,4,54,110,32,5,8706,1039,133,1530,3955,1877,172,57,21,1,9,19,7,0,5698,1061,63,1010,2577,987,0,939,219,0,289,401,30,0,4759,842,63,721,2176,957,0,6,371,1130,13,1014,3534,7,214,627,767086,764981,764030,762743,762607,760134,758723,755202,753056,749782,748614,746072,742408,736477,708025,671319,650372,635209,585018,547920,509647.0,507551.0,516726.0,490654.0,468943.0,517865.0,512079.0,495209.0,477477.0,471609.0,462549.0,461942.0,453374.0
Haute-Corse,210,49,2,36,95,22,6,5441,671,86,848,3024,608,204,90,25,6,25,21,12,1,10629,1331,503,2415,2702,3347,331,286,0,0,267,16,0,3,10343,1331,503,2148,2686,3347,328,18,3071,11179,80,3092,13622,1,8,58,181933,180701,177689,176152,174553,172560,170974,170828,168640,166093,164344,162013,159847,158400,141603,131563,131574,125284,115702,101106,100606.0,122413.0,97468.0,100064.0,100536.0,115168.0,119180.0,120124.0,122720.0,125788.0,129328.0,131216.0,133576.0
Haute-Garonne,216,62,6,48,66,31,3,10333,1545,315,1776,3696,2797,204,49,18,1,8,15,7,0,3111,647,35,626,1056,747,0,546,170,32,89,153,102,0,2565,477,3,537,903,645,0,13,595,2310,54,4549,13084,7,145,553,1400039,1380672,1362672,1348183,1335103,1317668,1298562,1279349,1260226,1243641,1230820,1217344,1202920,1186330,1046338,925962,824501,777431,690712,594633,525669.0,458647.0,441799.0,431505.0,424582.0,432126.0,442065.0,448481.0,459377.0,472383.0,481170.0,478009.0,477730.0
Haute-Loire,94,46,0,16,32,0,0,1585,488,0,398,699,0,0,60,28,2,7,19,4,0,3885,882,108,729,1783,383,0,887,59,94,491,239,4,0,2998,823,14,238,1544,379,0,11,617,2308,1,37,205,3,57,236,227570,227552,227283,227339,227034,226565,226203,225686,224907,224006,223122,221834,220437,219484,209113,206568,205895,205491,208337,211036,215577.0,245271.0,251608.0,260610.0,268910.0,303838.0,314770.0,314058.0,316699.0,316735.0,320063.0,316461.0,313721.0
Haute-Marne,57,20,2,14,20,1,0,1459,360,58,323,709,9,0,23,12,0,1,5,2,3,1754,617,0,40,370,217,510,159,6,0,0,8,75,70,1595,611,0,40,362,142,440,0,0,0,3,124,458,0,0,0,172512,174069,175640,178084,179154,180673,181521,182136,182375,184039,185214,186470,187407,187652,194873,204067,210670,212304,214340,208447,197163.0,188471.0,189726.0,195273.0,198777.0,214621.0,221567.0,226367.0,231898.0,243322.0,247611.0,254722.0,252280.0
Haute-Savoie,508,95,8,113,188,83,21,15698,1637,140,2738,6698,3690,795,117,33,5,32,33,12,2,11571,1371,225,2541,5169,1839,426,1227,115,39,201,788,84,0,10344,1256,186,2340,4381,1755,426,52,3725,11841,100,6154,28834,15,687,2204,826094,816699,807360,801416,793938,783127,769677,756501,746994,738088,725794,716277,706708,696255,631679,568286,494505,447795,378550,329230,293852.0,259961.0,252794.0,245317.0,235568.0,255137.0,260617.0,263803.0,265872.0,268267.0,275018.0,274087.0,273801.0
Haute-Saône,36,22,0,6,8,0,0,707,314,0,160,233,0,0,31,22,0,2,6,1,0,1572,908,0,78,556,30,0,182,158,0,20,4,0,0,1390,750,0,58,552,30,0,1,25,83,2,105,229,1,15,50,235313,236018,236659,237242,237706,238347,238956,239750,239695,239548,239194,238548,237197,235867,229732,229650,231962,222254,214396,208650,209541.0,213077.0,219480.0,226567.0,228618.0,257945.0,264251.0,266991.0,273296.0,281300.0,291401.0,296361.0,304524.0
Haute-Vienne,79,28,2,18,27,4,0,2487,566,56,641,992,232,0,48,18,2,12,13,2,1,2657,835,48,579,914,201,80,75,29,1,6,39,0,0,2582,806,47,573,875,201,80,2,111,386,1,134,288,0,0,0,372359,373199,374426,374978,375795,376199,375856,375869,376058,376191,374849,373940,371102,367156,353893,353593,355737,352149,341589,332514,324429.0,333589.0,335873.0,351311.0,350225.0,384736.0,385732.0,381853.0,375724.0,372878.0,363182.0,349332.0,336061.0
Hautes-Alpes,173,47,8,63,43,12,0,3885,700,132,1310,1292,451,0,123,29,8,29,43,14,0,12254,2009,512,2357,5130,2246,0,1229,312,45,270,397,205,0,11025,1697,467,2087,4733,2041,0,38,3091,11224,51,3136,17211,6,125,547,141220,140698,141284,141107,140916,139883,139279,139554,138605,136971,135836,134205,132482,130752,121419,113300,105070,97358,91790,87436,85067.0,88202.0,87566.0,87963.0,89275.0,105083.0,107498.0,109510.0,113229.0,115522.0,122924.0,121787.0,119094.0
Hautes-Pyrénées,259,67,8,59,100,24,1,12656,1573,181,1446,6416,2990,50,116,27,7,32,35,13,2,8521,1143,416,2097,2978,1759,128,1643,237,99,430,644,220,13,6878,906,317,1667,2334,1539,115,17,821,2767,53,2960,14046,7,191,779,229567,229191,228530,227829,228582,228950,228868,228854,229228,229458,229670,229079,228594,227736,222368,224759,227922,227222,225730,211433,203544.0,188604.0,189993.0,187875.0,185760.0,206105.0,209397.0,215546.0,218973.0,225861.0,234825.0,236474.0,238037.0
Hauts-de-Seine,185,21,1,35,83,43,2,15968,648,34,2579,5903,6271,533,0,0,0,0,0,0,0,0,0,0,0,0,0,0,0,0,0,0,0,0,0,0,0,0,0,0,0,0,0,0,0,41,4426,11105,1,175,365,1624357,1619120,1609306,1603268,1601569,1597770,1591403,1586434,1581628,1572490,1561745,1549619,1544411,1536100,1428881,1391658,1387039,1438930,1461619,1381805,1118020.0,1019627.0,949231.0,820716.0,724261.0,614862.0,529496.0,467391.0,386737.0,332076.0,293386.0,254928.0,208482.0
Hérault,293,85,3,80,95,25,5,10651,1938,174,2477,4072,1807,183,228,26,8,39,67,69,19,48711,1257,562,5642,9227,23256,8767,10661,94,105,1459,2031,6133,839,38050,1163,457,4183,7196,17123,7928,21,2268,8878,75,5675,21621,5,133,588,1175623,1159220,1144892,1132481,1120190,1107398,1092331,1077627,1062036,1044558,1031974,1019798,1011207,1001041,896441,794603,706499,648202,591397,516658,471429.0,502043.0,514819.0,500575.0,488211.0,480484.0,482779.0,489077.0,469674.0,461651.0,439044.0,441527.0,445053.0
Ille-et-Vilaine,253,42,6,63,106,31,5,13884,792,221,1813,4215,6484,359,82,26,5,25,15,7,4,7775,814,146,1871,2082,1420,1442,1972,17,39,457,717,547,195,5803,797,107,1414,1365,873,1247,1,49,198,30,2119,6776,6,192,567,1079498,1069228,1060199,1051779,1042884,1032240,1019923,1007901,996439,988140,977449,967588,955846,945851,867533,798718,749764,702199,652722,614268,586812.0,565766.0,562558.0,561688.0,558574.0,608098.0,611902.0,613567.0,622039.0,626875.0,621384.0,615480.0,602713.0
Indre,55,20,1,17,14,3,0,1410,211,68,492,423,216,0,42,15,0,15,9,3,0,2158,499,0,676,836,147,0,89,4,0,6,79,0,0,2069,495,0,670,757,147,0,3,94,446,0,0,0,1,21,65,219316,220595,222232,223505,224200,226175,228091,228692,230175,231176,232268,232004,232799,232959,231139,237510,243191,248523,247178,251432,247436.0,245622.0,247912.0,255095.0,260535.0,287673.0,290216.0,288788.0,289207.0,292868.0,296147.0,287759.0,281248.0
Indre-et-Loire,188,36,9,53,62,26,2,5982,587,410,1452,2328,1134,71,58,14,2,16,17,8,1,5333,599,230,1099,2102,907,396,226,0,0,70,132,24,0,5107,599,230,1029,1970,883,396,4,218,908,13,1158,4240,3,110,352,610079,607760,606511,606223,604966,603924,600252,596937,593683,590515,588420,585406,583086,580312,554003,529345,506093,478597,437866,395206,364701.0,343445.0,335226.0,334486.0,327743.0,341205.0,337916.0,335541.0,337064.0,337298.0,340921.0,329160.0,324875.0
Isère,292,97,10,65,95,23,2,9568,2307,282,1857,3475,1559,88,112,33,6,15,42,13,3,8515,1086,454,757,3590,2258,370,1382,244,126,110,698,204,0,7133,842,328,647,2892,2054,370,19,1781,5903,58,3941,17607,8,256,1146,1271166,1263563,1258722,1252912,1251060,1243597,1235387,1224993,1215212,1206374,1197038,1188660,1178714,1169491,1094006,1016228,936771,860339,767678,677330,587975.0,540895.0,549739.0,529817.0,502031.0,531672.0,538309.0,544254.0,542920.0,547425.0,555845.0,555438.0,555191.0
Jura,92,34,1,14,37,6,0,1724,480,7,368,788,81,0,57,16,4,5,26,6,0,7268,955,340,265,3209,2499,0,704,108,28,12,182,374,0,6564,847,312,253,3027,2125,0,14,633,2220,3,107,247,2,89,380,259199,259746,260188,260517,260587,260681,260502,260932,261294,261534,261277,260740,258897,257399,250857,248759,242925,238856,233441,225584,220109.0,220704.0,229018.0,230598.0,228978.0,252609.0,257626.0,261179.0,266046.0,272933.0,281179.0,285175.0,288721.0
La Réunion,110,51,2,15,26,11,5,3549,833,26,423,1382,498,387,0,0,0,0,0,0,0,0,0,0,0,0,0,0,0,0,0,0,0,0,0,0,0,0,0,0,0,0,0,0,0,0,0,0,0,0,0,861210,855961,853659,852924,850727,842767,835103,833944,828581,821136,816364,808250,794107,781962,706300,597823,515814,476675,416525,349282,228061.0,9624.0,9912.0,10176.0,10224.0,11712.0,12120.0,12216.0,12480.0,12792.0,13152.0,13344.0,13584.0
Landes,171,52,3,55,51,9,1,4403,705,46,1478,1860,286,28,184,43,2,32,45,47,15,39819,1465,81,3849,8872,17713,7839,9776,153,0,1565,2667,4938,453,30043,1312,81,2284,6205,12775,7386,28,2785,12884,51,4326,18465,5,166,584,413690,410355,407444,405010,403234,400477,397226,392884,387929,384320,379341,373142,367492,362827,327334,311461,297424,288323,277381,260497,248945.0,251438.0,257186.0,263111.0,263937.0,288902.0,293397.0,291586.0,292884.0,297842.0,302266.0,301143.0,303508.0
Loir-et-Cher,114,24,3,33,44,9,1,3386,534,95,850,1468,392,47,44,8,0,11,15,6,4,5320,223,0,912,1804,950,1431,568,4,0,101,90,365,8,4752,219,0,811,1714,585,1423,4,302,1087,5,939,4442,6,201,697,329470,330248,331915,332769,333050,333567,332001,331656,331280,330079,327868,326599,326291,325182,314968,305937,296224,283690,267900,250745,239829.0,240913.0,241592.0,248099.0,251528.0,271231.0,276019.0,275538.0,278153.0,280358.0,279214.0,275713.0,272634.0
Loire,82,27,0,19,31,5,0,2821,608,0,672,1249,292,0,42,20,0,5,15,2,0,2331,611,0,303,1256,161,0,604,188,0,104,281,31,0,1727,423,0,199,975,130,0,1,63,324,6,274,637,1,40,120,765634,763441,762941,761997,759411,757305,756715,753763,749053,748947,746115,742076,740668,741269,728524,746288,739521,742396,722443,696348,653829.0,649616.0,664822.0,669216.0,637130.0,640549.0,643943.0,647634.0,625336.0,616227.0,603384.0,599837.0,590613.0
Loire-Atlantique,241,39,12,66,87,32,5,10304,689,415,2140,4184,2507,369,145,19,6,28,56,32,4,20052,816,278,2796,7172,7821,1169,6613,83,64,790,2635,2867,174,13439,733,214,2006,4537,4954,995,12,912,3365,62,4968,14454,3,110,323,1429272,1412502,1394909,1380852,1366358,1347735,1328774,1313473,1296526,1282219,1266544,1256040,1246967,1234325,1134551,1052466,995822,934882,862082,804268,734468.0,660272.0,652975.0,652459.0,650782.0,671108.0,667941.0,666165.0,647398.0,646570.0,645220.0,626818.0,614167.0
Loiret,137,37,1,32,55,10,2,4690,829,7,1162,2012,619,61,39,10,3,13,9,3,1,3316,616,147,798,1098,425,232,621,108,21,74,105,291,22,2695,508,126,724,993,134,210,1,12,58,5,382,874,1,26,50,680434,678845,678105,674330,673349,669737,665587,662297,659587,656105,653510,650769,647733,645325,618126,580612,535669,490189,430629,389854,360523.0,343865.0,342679.0,341225.0,337224.0,364061.0,364999.0,366660.0,371019.0,377718.0,374875.0,368526.0,360903.0
Lot,112,22,1,44,39,6,0,2279,278,18,833,965,185,0,111,24,3,20,46,17,1,7363,644,85,997,3293,2056,288,93,0,0,5,33,29,26,7270,644,85,992,3260,2027,262,19,599,2603,10,598,3102,2,72,151,174094,173929,173828,173347,173400,173648,173758,174346,174754,174578,173562,172796,171173,169531,160197,155816,154533,150778,151198,149929,147754.0,162572.0,166637.0,171776.0,176888.0,205770.0,216611.0,226720.0,240403.0,253884.0,271513.0,280271.0,276511.0
Lot-et-Garonne,60,16,1,14,24,4,1,1684,450,48,364,732,81,9,47,16,2,6,18,4,1,3000,601,85,271,1203,450,390,125,15,0,37,54,5,14,2875,586,85,234,1149,445,376,12,415,1855,11,871,3693,1,91,290,331271,331970,332842,332833,333417,333234,333180,332119,330866,331123,329697,326399,324170,322292,305380,305989,298522,292616,290592,275028,265549.0,252761.0,247500.0,246609.0,239972.0,268083.0,274610.0,278740.0,286377.0,295360.0,307437.0,312083.0,316920.0
Lozère,109,58,3,27,19,2,0,1941,827,74,513,482,45,0,94,40,4,24,25,1,0,5415,1570,142,1217,2372,114,0,272,148,0,54,70,0,0,5143,1422,142,1163,2302,114,0,27,781,4174,3,85,268,1,40,124,76604,76520,76601,76422,76309,76360,76607,76889,77156,77082,77163,76973,76880,76800,73509,72825,74294,74825,77258,81868,82391.0,98480.0,101859.0,104733.0,108822.0,122738.0,128016.0,128866.0,132151.0,135527.0,141264.0,143566.0,138101.0
Maine-et-Loire,140,33,2,34,54,16,1,4556,710,133,977,1958,768,10,74,21,5,20,15,12,1,4792,448,167,1012,1116,1795,254,125,27,0,5,25,67,1,4667,421,167,1007,1091,1728,253,3,43,168,7,462,1318,3,106,297,818273,815883,813493,810934,809055,804745,800037,795405,790181,784643,779896,774654,770608,766419,732657,705599,674997,629466,584933,556173,518153.0,477561.0,475799.0,477489.0,474399.0,507685.0,513035.0,514242.0,514406.0,518075.0,527122.0,523057.0,516835.0
Manche,160,59,3,41,48,8,1,4011,812,67,1055,1587,483,7,139,41,5,33,38,14,8,14913,1245,446,3793,5141,2469,1819,6209,264,87,1903,2316,1317,322,8704,981,359,1890,2825,1152,1497,6,442,1788,4,158,406,6,121,478,495045,495983,496883,498362,499824,500501,500465,499890,500084,499285,498289,497462,495676,493087,481983,480123,466482,452275,452705,447679,447758.0,439535.0,434474.0,432364.0,426461.0,477088.0,488455.0,492440.0,501153.0,514979.0,522032.0,527639.0,541160.0
Marne,129,45,2,26,40,11,5,5234,1235,155,1044,1805,840,155,23,10,2,5,5,1,0,1569,440,138,357,427,207,0,383,158,108,30,87,0,0,1186,282,30,327,340,207,0,0,0,0,8,660,1831,5,172,522,566855,567462,568895,570883,572293,570866,570046,568795,566617,565357,566202,566074,566561,565910,565284,558276,543670,530454,485302,442108,415027.0,410214.0,412094.0,397680.0,366510.0,436213.0,433958.0,432755.0,439442.0,434579.0,429322.0,421590.0,407574.0
Martinique,46,17,0,4,17,7,1,2838,442,0,92,1622,667,15,0,0,0,0,0,0,0,0,0,0,0,0,0,0,0,0,0,0,0,0,0,0,0,0,0,0,0,0,0,0,0,0,0,0,0,0,0,364508,368783,372594,376480,380877,383911,385551,388364,392291,394173,396404,397693,397730,397732,381427,359572,328566,324832,320030,292062,239130.0,13634.0,14042.0,14416.0,14484.0,16592.0,17170.0,17306.0,17680.0,18122.0,18632.0,18904.0,19244.0
Mayenne,57,18,3,16,18,2,0,1417,368,68,379,554,48,0,25,14,0,4,7,0,0,846,251,0,184,411,0,0,37,37,0,0,0,0,0,809,214,0,184,411,0,0,2,48,256,0,0,0,1,41,112,307062,307084,307445,307688,307940,307471,307500,307453,307031,306337,305147,302983,300643,299000,285338,278037,271784,261789,252762,250030,251522.0,251348.0,254479.0,259934.0,262447.0,297732.0,305457.0,313103.0,321187.0,332387.0,340063.0,344881.0,351933.0
Meurthe-et-Moselle,73,19,2,17,28,7,0,3277,596,135,748,1373,425,0,15,10,0,2,3,0,0,1030,352,0,290,388,0,0,124,34,0,85,5,0,0,906,318,0,205,383,0,0,0,0,0,8,831,1668,0,0,0,733760,733469,733481,733821,734403,732153,731004,733266,733124,732207,731019,729768,726592,725302,713779,711943,716964,722693,705554,678247,607192.0,576219.0,592803.0,552261.0,503989.0,564932.0,517716.0,484934.0,466654.0,444389.0,431946.0,419514.0,404849.0
Meuse,43,11,2,14,14,2,0,1006,170,66,427,278,65,0,28,16,1,7,4,0,0,2149,888,70,788,403,0,0,861,252,37,375,197,0,0,1288,636,33,413,206,0,0,0,0,0,0,0,0,2,30,132,184083,185355,187187,189055,190626,191530,192094,192800,193557,193923,194003,194218,193962,193696,192198,196223,199983,203799,209372,215816,206938.0,216737.0,215648.0,217957.0,207130.0,277753.0,280012.0,283268.0,290147.0,292014.0,291718.0,289632.0,293814.0
Morbihan,216,44,4,64,81,20,3,6245,689,125,1514,2495,1082,340,257,49,9,79,83,30,7,30074,1758,1037,8476,8848,7418,2537,6326,271,347,1474,2732,1175,327,23748,1487,690,7002,6116,6243,2210,18,1278,5393,19,1125,4602,6,277,928,759511,754699,750699,747382,744648,740890,737621,732219,726928,721505,716028,709878,702329,694665,643709,619684,590746,563436,540293,530611,520714.0,541922.0,537182.0,542810.0,545698.0,578035.0,572712.0,563108.0,551654.0,544091.0,534884.0,521264.0,506281.0
Moselle,129,41,3,28,41,15,1,5708,1177,195,1439,1903,966,28,38,16,2,7,11,2,0,5519,1077,499,1507,2038,398,0,3281,762,364,913,929,313,0,2238,315,135,594,1109,85,0,1,83,264,10,1556,6321,3,36,132,1046543,1043524,1043522,1045271,1044486,1045154,1046873,1046468,1045146,1045066,1044898,1042230,1039023,1036776,1023447,1011302,1007189,1006373,971314,919412,769388.0,696246.0,693408.0,633461.0,588834.0,609201.0,615426.0,565163.0,524879.0,510136.0,489476.0,492464.0,479997.0
Nièvre,66,18,6,21,18,3,0,1450,178,121,574,432,145,0,53,25,4,7,14,3,0,2865,912,110,293,1179,371,0,95,54,37,0,4,0,0,2770,858,73,293,1175,371,0,1,26,120,1,66,256,3,67,295,204452,205828,207182,209161,211747,213569,215221,216786,218341,219584,220199,220653,221488,222220,225198,233278,239635,245212,247702,245921,240078.0,249673.0,255195.0,260502.0,270148.0,299312.0,313972.0,323783.0,333899.0,343581.0,347645.0,347576.0,346822.0
Nord,224,59,7,32,97,26,3,12436,2602,295,1630,5482,2178,249,118,45,9,28,28,8,0,10854,2459,765,2294,3001,2335,0,8541,1844,667,2024,2001,2005,0,2313,615,98,270,1000,330,0,0,0,0,21,1598,4836,5,294,834,2608346,2606234,2604361,2603723,2605238,2603472,2595536,2587128,2579208,2576770,2571940,2564959,2564950,2565257,2555020,2531855,2520526,2511478,2418847,2294066,2099430.0,2022998.0,2029736.0,1969435.0,1788193.0,1962115.0,1896260.0,1867408.0,1812312.0,1736795.0,1670668.0,1603774.0,1520183.0
Oise,96,29,3,16,37,9,2,4850,1163,155,623,1808,901,200,30,7,2,12,9,0,0,2470,183,183,1259,845,0,0,1259,69,2,682,506,0,0,1211,114,181,577,339,0,0,1,14,28,2,239,765,0,0,0,829419,827153,824503,823542,821552,818680,815400,810300,805642,803595,801512,799725,796624,792975,766441,725603,661781,606320,540988,481289,435308.0,402569.0,407432.0,405971.0,387760.0,411028.0,410050.0,407808.0,404511.0,401835.0,403086.0,404555.0,401618.0
Orne,63,30,0,14,18,1,0,1370,529,0,286,532,23,0,38,23,1,9,4,1,0,1559,518,10,448,384,199,0,268,26,0,66,1,175,0,1291,492,10,382,383,24,0,0,0,0,2,321,806,0,0,0,279942,281593,283372,285308,286618,287750,288848,290015,290891,291642,292210,292282,292609,292879,292337,293204,295472,293523,288503,280526,274848.0,269316.0,273702.0,277622.0,274799.0,307418.0,315978.0,326937.0,339147.0,354372.0,367233.0,376111.0,392411.0
Paris,1585,165,23,160,688,456,93,84023,6914,588,6605,31559,30179,8178,1,0,0,0,0,1,0,462,0,0,0,0,462,0,0,0,0,0,0,0,0,462,0,0,0,0,462,0,0,0,0,66,5940,14610,16,1508,4930,2165423,2175601,2187526,2190327,2206488,2220445,2229621,2240621,2249975,2243833,2234105,2211297,2193030,2181371,2125246,2152423,2176243,2299830,2590771,2790091,2850189.0,2829753.0,2891020.0,2871429.0,2906472.0,2888110.0,2763393.0,2714068.0,2536834.0,2447957.0,2344550.0,2269023.0,1990806.0
Pas-de-Calais,204,62,4,48,74,15,1,7924,1643,171,1622,3317,1067,104,202,63,14,72,38,12,3,23641,3900,1679,8064,6466,2355,1177,17150,2943,973,5914,4796,1636,888,6491,957,706,2150,1670,719,289,5,419,1464,11,567,2434,6,219,620,1465278,1466743,1468018,1470725,1472648,1472589,1465205,1463628,1462807,1461387,1461257,1459531,1456726,1453387,1441568,1433203,1412413,1402295,1397099,1366248,1276842.0,1179634.0,1205975.0,1172723.0,990704.0,1069355.0,1013492.0,956466.0,907370.0,875494.0,854787.0,820344.0,794518.0
Puy-de-Dôme,230,73,5,72,66,12,2,6820,1030,223,2167,2447,896,57,124,40,5,22,47,8,2,9503,1662,167,1268,4606,1211,589,711,87,5,165,312,129,13,8792,1575,162,1103,4294,1082,576,20,1259,4669,14,1057,4275,6,220,416,662152,659048,653742,650700,647501,644216,640999,638092,635469,632311,629416,628485,626639,623463,604266,598213,594365,580033,547743,508928,481380.0,486130.0,500590.0,515399.0,490560.0,525916.0,535419.0,544194.0,555078.0,564266.0,570964.0,566064.0,570208.0
Pyrénées-Atlantiques,304,43,3,93,110,46,9,8801,683,81,2174,3178,2138,547,143,36,8,29,45,23,2,13760,1558,292,2014,4705,4476,715,2384,236,43,383,712,762,248,11376,1322,249,1631,3993,3714,467,21,1645,5755,51,3027,12150,3,85,253,682621,679810,677309,673986,670032,667249,664057,660871,656608,653515,650356,647420,643090,636849,600018,578516,555696,534748,508734,466036,420017.0,413409.0,422719.0,414556.0,402981.0,433320.0,425817.0,426347.0,423572.0,425027.0,432999.0,434366.0,431527.0
Pyrénées-Orientales,187,42,5,54,62,22,2,5982,849,200,1623,2247,1014,49,184,13,6,29,71,46,19,34975,924,301,2643,8805,13765,8537,5264,302,19,262,1523,2521,637,29711,622,282,2381,7282,11244,7900,21,2373,9043,65,3495,14816,8,267,1095,479979,476357,474452,474369,471038,466327,462705,457793,452530,448543,445890,441387,437157,432112,392803,363796,334557,299506,281976,251231,230285.0,233347.0,238647.0,229979.0,217503.0,212986.0,213171.0,212121.0,208387.0,210125.0,211187.0,208855.0,197930.0
Rhône,302,63,2,70,110,48,9,17417,1942,141,3523,6699,4427,685,27,14,3,2,2,6,0,2085,516,194,102,242,1031,0,618,198,14,0,112,294,0,1467,318,180,102,130,737,0,1,71,192,38,3773,9989,5,216,584,1875747,1859524,1843319,1835903,1821995,1801885,1779845,1762866,1744236,1725177,1708671,1690498,1677073,1669655,1578869,1508966,1445208,1429647,1326383,1181812,1015866.0,1070218.0,1089568.0,1029098.0,986202.0,947029.0,890074.0,874855.0,870396.0,837524.0,806248.0,772795.0,738024.0
Sarthe,97,32,2,12,44,7,0,3388,702,80,468,1777,361,0,46,11,4,6,19,5,1,3094,333,151,232,1720,520,138,67,9,0,8,27,23,0,3027,324,151,224,1693,497,138,0,0,0,4,368,805,4,109,295,566412,565963,566506,567561,568445,568760,569035,567382,565718,563518,561050,559587,556946,553484,529851,513654,504768,490385,461839,443019,420393.0,388519.0,384619.0,387482.0,389235.0,419370.0,421470.0,422699.0,425077.0,429737.0,436111.0,438917.0,446239.0
Savoie,436,109,7,87,132,59,42,15050,2333,182,2347,5231,3168,1789,97,24,7,30,32,4,0,7239,982,328,2422,2881,626,0,1065,111,30,528,396,0,0,6174,871,298,1894,2485,626,0,84,9398,28712,273,17769,94376,19,1074,3997,436434,433724,431174,429681,428204,426924,423715,421105,418949,414959,411007,408842,405535,403090,373258,348261,323675,305118,288921,266678,252192.0,239115.0,235544.0,231210.0,225234.0,247890.0,253297.0,254781.0,259790.0,263297.0,267428.0,266438.0,268361.0
Saône-et-Loire,170,46,4,43,63,14,0,4611,764,184,1181,1962,520,0,65,27,1,8,23,5,1,4614,1224,28,452,2043,707,160,300,179,0,58,55,8,0,4314,1045,28,394,1988,699,160,0,0,0,2,137,292,2,65,215,551493,552185,553595,555023,555408,555788,556222,555039,555999,555663,554720,553968,551842,549361,544893,559413,571852,569810,550364,535772,511182.0,525676.0,538741.0,549240.0,554816.0,604446.0,613177.0,620360.0,621236.0,618523.0,625885.0,625589.0,614309.0
Seine-Maritime,229,82,9,54,65,18,1,8210,1844,274,1798,2981,1235,78,70,13,3,19,26,9,0,6468,424,95,1666,3045,1238,0,1933,99,33,597,768,436,0,4535,325,62,1069,2277,802,0,2,132,687,8,420,1122,6,211,661,1255633,1255883,1254378,1255755,1257699,1257920,1254609,1253931,1251282,1250411,1250120,1248580,1244611,1243834,1239138,1223429,1193108,1172743,1113977,1035843,941684.0,915611.0,905278.0,885299.0,880671.0,877383.0,863879.0,853883.0,837824.0,839876.0,833386.0,814068.0,798414.0
Seine-Saint-Denis,98,25,0,18,36,19,0,11298,1389,0,1862,4676,3371,0,1,1,0,0,0,0,0,220,220,0,0,0,0,0,0,0,0,0,0,0,0,220,220,0,0,0,0,0,0,0,0,8,645,1500,1,68,196,1644903,1632677,1623111,1606660,1592663,1571028,1552482,1538726,1529928,1522048,1515983,1506466,1502340,1491970,1382861,1381197,1324301,1322127,1249606,1083724,845231.0,776378.0,769315.0,635806.0,504956.0,411443.0,349545.0,307329.0,262735.0,230992.0,207901.0,180412.0,138099.0
Seine-et-Marne,130,30,5,22,49,23,1,14658,1266,404,2683,5446,4363,496,45,13,7,7,13,4,1,6193,984,545,749,2789,878,248,2494,643,402,457,820,164,8,3699,341,143,292,1969,714,240,1,21,125,19,3061,12380,3,137,480,1421197,1412516,1403997,1397665,1390121,1377846,1365200,1353946,1338427,1324865,1313414,1303702,1289524,1273488,1193767,1078166,887112,755762,604340,524486,453438.0,409311.0,406108.0,380017.0,349234.0,363561.0,361939.0,358325.0,359034.0,356709.0,355136.0,348991.0,347323.0
Somme,91,24,4,25,32,6,0,3019,490,165,798,1206,360,0,130,27,8,47,22,23,3,15614,1697,373,4464,3787,4313,980,9840,1178,338,2971,2120,2664,569,5774,519,35,1493,1667,1649,411,0,0,0,11,920,4327,5,257,909,570559,570662,572443,572744,571879,571632,571675,571154,571211,570741,569775,568086,565910,564319,555551,547825,544570,538462,511491,487524,463519.0,467092.0,465842.0,473105.0,451887.0,518961.0,531541.0,536773.0,542158.0,545365.0,547721.0,549515.0,555263.0
Tarn,76,28,0,19,22,6,1,1873,492,0,452,737,172,20,58,12,2,10,23,11,0,2950,326,61,372,1363,828,0,193,39,0,19,46,89,0,2757,287,61,353,1317,739,0,2,62,286,7,246,1003,1,9,18,389844,388596,387890,386448,386543,384474,381927,378947,377675,375379,374018,371738,369189,365335,343402,342723,339345,338024,332011,319560,308197.0,297871.0,302994.0,301717.0,295588.0,324090.0,330533.0,332093.0,339369.0,346739.0,358757.0,359223.0,359232.0
Tarn-et-Garonne,42,11,1,15,13,2,0,1223,214,71,344,434,160,0,37,9,1,8,16,3,0,2015,406,7,343,1034,225,0,128,20,0,20,78,10,0,1887,386,7,323,956,215,0,1,36,182,2,143,556,0,0,0,260669,259124,258349,256897,255274,252578,250342,246971,244545,241698,239291,235915,231763,226849,206034,200220,190485,183314,183572,175847,172379.0,164629.0,164259.0,164191.0,159559.0,182537.0,188553.0,195669.0,200390.0,206596.0,214046.0,217056.0,221364.0
Territoire de Belfort,21,4,1,2,10,4,0,1010,134,68,133,426,249,0,3,0,0,1,2,0,0,286,0,0,90,196,0,0,14,0,0,14,0,0,0,272,0,0,76,196,0,0,1,23,65,1,18,18,1,5,19,141318,141852,142622,144089,144483,144334,144318,143940,143348,142911,142461,141958,142444,141201,137408,134097,131999,128125,118450,109371,99427.0,99497.0,99403.0,96593.0,94338.0,101386.0,95421.0,92304.0,88047.0,83670.0,79758.0,74244.0,61377.0
Val-d'Oise,99,33,1,17,25,23,0,10248,1675,83,1629,2280,4581,0,5,2,0,2,0,1,0,593,306,0,190,0,97,0,238,116,0,122,0,0,0,355,190,0,68,0,97,0,0,0,0,8,1109,3203,0,0,0,1249674,1238581,1228618,1221923,1215390,1205539,1194681,1187081,1180365,1171161,1168892,1165397,1160721,1157052,1105464,1049598,920598,840885,693269,548429,412658.0,350487.0,353374.0,283256.0,227220.0,196599.0,178444.0,164962.0,154118.0,143387.0,143028.0,134859.0,129655.0
Val-de-Marne,88,15,1,25,35,12,0,7581,680,7,1970,3238,1686,0,1,0,0,0,0,1,0,373,0,0,0,0,373,0,0,0,0,0,0,0,0,373,0,0,0,0,373,0,0,0,0,22,2419,5533,1,195,485,1407124,1396913,1387926,1378151,1372389,1365039,1354005,1341831,1333702,1327732,1318537,1310876,1302889,1298340,1227250,1215538,1193655,1215713,1121319,974962,767435.0,685204.0,657322.0,559870.0,462200.0,386073.0,330308.0,288879.0,246351.0,213706.0,194926.0,161607.0,136600.0
Var,432,104,8,87,147,55,31,12763,1847,222,2486,4533,2353,1322,232,21,10,45,64,78,14,41809,1165,812,5165,7860,18223,8584,9490,154,634,1301,1978,3720,1703,32319,1011,178,3864,5882,14503,6881,56,5638,21887,89,7099,33468,7,238,867,1076711,1067697,1058740,1055821,1048652,1038212,1028583,1021669,1012735,1008183,1007303,1001408,995934,985099,898441,815449,708331,626093,555926,469557,413012.0,398662.0,377104.0,347932.0,322944.0,330755.0,324639.0,326385.0,309191.0,288336.0,283689.0,288577.0,295762.0
Vaucluse,223,50,4,47,86,27,9,7049,1016,205,1341,2681,1442,364,81,13,1,23,22,16,6,8533,936,35,1520,2274,2824,944,469,131,0,54,90,37,157,8064,805,35,1466,2184,2787,787,8,375,1156,25,1721,6752,4,124,466,561469,559793,559479,559014,557548,554374,549949,546314,546630,543105,540065,538902,538141,534291,499685,467075,427343,390446,353966,303536,268318.0,245508.0,241689.0,230549.0,219602.0,238656.0,239178.0,236949.0,236313.0,235411.0,241787.0,244149.0,255703.0
Vendée,169,43,0,47,69,9,1,4988,659,0,1184,2685,433,27,360,33,17,66,101,119,24,56824,919,938,5713,14145,25383,9726,17327,64,100,1547,4687,8605,2324,39497,855,838,4166,9458,16778,7402,33,1794,7226,36,2348,11768,2,50,186,684777,679327,674587,669939,666043,661438,654803,648184,640917,633950,625495,615905,606429,596177,538759,508471,482334,449943,420663,408392,395251.0,391693.0,390094.0,395316.0,397016.0,438210.0,442456.0,441010.0,441438.0,442061.0,434521.0,421357.0,411498.0
Vienne,95,32,3,21,33,6,0,4827,763,540,815,2091,618,0,46,9,3,20,9,5,0,2953,441,150,918,624,820,0,53,30,2,11,10,0,0,2900,411,148,907,614,820,0,2,82,403,7,1190,5668,3,141,474,438435,437586,436876,436069,434887,433203,431248,430018,428447,427193,426066,424354,421891,418460,399024,380005,371428,357366,340256,331619,319208.0,306820.0,303072.0,310474.0,306248.0,332276.0,333621.0,336343.0,338114.0,344355.0,342785.0,340295.0,330916.0
Vosges,146,61,3,37,35,10,0,3323,940,56,675,1198,454,0,78,28,1,21,18,9,1,5563,1064,45,1162,1523,1652,117,648,60,0,81,70,435,2,4915,1004,45,1081,1453,1217,115,13,1008,2886,10,281,1203,4,151,421,364499,366112,367673,369641,372016,373560,375226,377282,378830,379724,380192,380145,380304,379975,380952,386258,395769,397957,388201,380676,372523.0,376926.0,377980.0,382100.0,383684.0,433914.0,429812.0,421101.0,421412.0,410196.0,413707.0,406862.0,407082.0
Yonne,95,40,2,19,29,3,2,2650,718,94,655,1008,137,38,37,11,0,12,11,3,0,2374,478,0,696,922,278,0,58,4,0,15,24,15,0,2316,474,0,681,898,263,0,3,93,285,1,33,33,2,31,85,335707,337504,338291,340544,340903,341814,341483,341902,342463,342510,343377,342359,341418,340088,333221,323096,311019,299851,283376,269826,266410.0,271685.0,275755.0,277230.0,273118.0,303889.0,315199.0,321062.0,332656.0,344688.0,355364.0,357029.0,359070.0
Yvelines,118,26,2,22,47,20,1,7029,1012,152,1089,2651,1926,199,15,4,3,3,4,1,0,1892,309,259,371,670,283,0,833,195,194,164,280,0,0,1059,114,65,207,390,283,0,0,0,0,17,1716,4148,1,32,107,1448207,1441398,1438266,1431808,1427291,1421670,1418484,1412356,1413635,1408765,1407560,1406053,1403957,1395804,1354304,1307150,1196111,1082255,854382,687827,519176.0,428166.0,408282.0,367267.0,321240.0,297562.0,277753.0,270228.0,263462.0,250552.0,247910.0,236471.0,235511.0
